x,y,z,qx,qy,qz,qw
4.743921443724167,-0.16935329168366456,0.3195093200089655,-0.0,0.8896642,2.2359322e-05,0.4566153
4.752338774454302,-0.08467598940302341,0.3149906359852701,-0.0,0.8896627,2.1567323e-05,0.4566182
4.823881533958888,-0.30929052936486323,0.4971840842473238,0.0,0.17134538,-0.8293069,0.5318748
4.781446824276269,-0.28185322975901517,0.40966405232554026,0.0,0.17134036,-0.82930976,0.531872
4.896610768999915,-0.11211327349811433,0.5922387640345643,0.0,-0.75582165,-0.078927,0.6500032
4.88321746614233,-0.22461324913116848,0.5875294259356406,0.0,-0.7558159,-0.0789335,0.65000904
4.809336140729224,0.00025866828780284903,0.4065920412653503,-0.0,0.03706386,0.804257,0.5931248
4.861424073565619,0.00012933538881406022,0.5008280575331955,-0.0,0.03706406,0.80425686,0.59312487
4.866357444312594,-0.15438656463744338,0.5473800532090362,0.0,-0.9507993,0.19502324,0.24072082
4.771834786892533,-0.12682123468909187,0.3656240050193505,0.0,-0.9508029,0.19501701,0.24071154
4.751169435739076,0.08454795978046165,0.3156186975243007,0.0,0.8896627,-2.1429058e-05,0.45661825
4.745090708221083,0.16948260350750183,0.3188813402826367,0.0,0.8896642,-2.2509148e-05,0.4566153
4.780277421283168,0.2817251969492299,0.4102920118931065,-0.0,0.17134021,0.82930994,0.5318716
4.825050759087359,0.30941855813663643,0.49655608695234915,-0.0,0.17134489,0.82930714,0.53187466
4.882048140212721,0.22448392216497806,0.5881574401037044,0.0,-0.755816,0.07893296,0.65000904
4.897780110560328,0.11224130667631077,0.5916107942052469,0.0,-0.7558215,0.07892754,0.65000314
4.860254779480658,-0.0002586647412440635,0.5014560520535889,0.0,0.037063986,-0.8042569,0.59312487
4.810505405079702,-0.0001293315829109051,0.4059640467110367,0.0,0.037063923,-0.804257,0.5931248
4.862701416214851,0.1681705716335784,0.5433947517471973,0.0,-0.95079917,-0.19503067,0.24071544
4.768178793416785,0.1406052559491874,0.361638730949991,0.0,-0.95080256,-0.1950137,0.24071601
1.8500239898507647,-0.05652683002095549,0.43904143324767525,0.0,-0.5800504,-0.68889,0.43470922
1.8430919663689513,-0.01884287409844205,0.4769987157691498,0.0,-0.58005625,-0.6888853,0.4347088
2.1040427717207266,-0.03708823224728794,0.6183347238779816,0.0,-0.6491415,-0.5434314,0.532257
2.2355346703105115,-0.02678687487208772,0.6627654570553198,0.0,-0.70746315,-0.4494145,0.54545623
2.48019196972927,-0.2710922067220828,0.569005417894883,0.0,-0.7444027,-0.37242296,0.5542254
2.4083054346386104,-0.32106283811011815,0.5294840493527887,0.0,-0.7690253,-0.3703226,0.52101934
2.603287967288884,-0.36640285313444343,0.5451506812152835,0.0,-0.7790422,-0.3101048,0.54491127
2.7131865287654295,-0.3009374841853241,0.5803453939739139,0.0,-0.75752276,-0.3147043,0.5719444
2.0163574341068258,-0.13991608496501964,0.4884560941095176,0.0,-0.6243423,-0.6253067,0.46817532
1.9613332855040722,-0.12196810201078566,0.4646041637989277,0.0,-0.6281072,-0.63860136,0.44460043
2.3831439235490333,-0.24849484232703906,0.5610587786295811,0.0,-0.732727,-0.4087931,0.54405826
2.316297315636482,-0.2622561290980739,0.5372654382987456,0.0,-0.7492262,-0.40936005,0.5206577
2.28025224524015,-0.3087721615952178,0.49881203613041997,0.0,-0.7355312,-0.45535284,0.50164497
2.192105314529998,-0.24314145042204238,0.5030773771816863,0.0,-0.73640394,-0.45551825,0.5002123
2.1325893609252993,-0.23695617623717138,0.47810800827900424,0.0,-0.6730527,-0.5691362,0.47231767
2.0471134348394893,-0.18599747526939722,0.4664027013538826,0.0,-0.6779667,-0.5746166,0.45845044
2.746061328334341,-0.03730283029015082,0.6856600774910354,0.0,-0.74615735,-0.3171145,0.5853952
2.609621289653311,-0.037302842353208944,0.6887506826307678,0.0,-0.7531491,-0.31563342,0.57718444
2.537335878822423,-0.07060284909468069,0.671544012321415,0.0,-0.7335631,-0.37318784,0.5679929
1.9302692487308217,-0.08462142192324909,0.47923081743374185,0.0,-0.5815038,-0.6699072,0.46160325
1.9521398585345318,-0.04693746616342417,0.5359028259264382,0.0,-0.62567425,-0.62973726,0.46039405
1.920473100402155,-0.018842870233801788,0.543348102938034,0.0,-0.5817342,-0.65547293,0.48160222
2.40487194352397,-0.033300221759569884,0.6811506882655145,0.0,-0.73844653,-0.3728477,0.5618552
2.3343174510079434,-0.06008686346868579,0.6578134123048203,0.0,-0.703924,-0.44860873,0.5506733
2.3304519752684927,-0.11366014286091312,0.6230720976976558,0.0,-0.7039205,-0.44861442,0.55067325
2.23166943298964,-0.08036015426429487,0.6280241573493164,0.0,-0.7074602,-0.44942117,0.54545456
2.1981799689252814,-0.09922415456917634,0.6056881354590309,0.0,-0.69311816,-0.5007859,0.51846004
2.1357986999364846,-0.08273887077849836,0.5941347592665568,0.0,-0.70080835,-0.5046435,0.50418514
2.5591800366020063,-0.17519484049715997,0.6220027727794495,0.0,-0.77860296,-0.28966647,0.5566604
2.529762756898195,-0.1372028431559246,0.6372587024796875,0.0,-0.73356384,-0.3731865,0.567993
2.4256131789358797,-0.1605321986966078,0.6158360917730752,0.0,-0.75116265,-0.37190953,0.54537874
2.3606999049393824,-0.14750548976580885,0.6094134236470427,0.0,-0.7715745,-0.3414539,0.5367327
2.290066736064717,-0.19456677356746627,0.5684774432965047,0.0,-0.7162792,-0.45136312,0.53217995
2.226329103910891,-0.1795854344180541,0.5598001103579932,0.0,-0.7239254,-0.45300132,0.52030927
2.164413468028244,-0.18164412347890474,0.5328533868068539,0.0,-0.6914576,-0.5266358,0.4945109
2.103965056118341,-0.1383708141841136,0.5386707126215062,0.0,-0.6615204,-0.5565556,0.5026296
2.0433170901060045,-0.12081477733729569,0.5233493692517154,0.0,-0.6684869,-0.5640914,0.4846919
2.0419197139503935,-0.06518283643106841,0.5695307524322197,0.0,-0.66846913,-0.5641127,0.48469156
2.0092318082574976,-0.028094850079440792,0.5869574683545007,0.0,-0.6152335,-0.5992565,0.5122298
2.504711896721118,-0.347076174575,0.5378733423631978,0.0,-0.7751737,-0.33771363,0.5339057
2.5790441288423804,-0.2884828369423077,0.5752347432636719,0.0,-0.75283843,-0.34131864,0.56279296
2.6259401004733576,-0.18320149692562426,0.6250787744312286,0.0,-0.7645326,-0.3132099,0.5633733
2.7271547482758263,-0.18902809551881203,0.6272547609433541,0.0,-0.7575319,-0.31468213,0.5719446
2.8044078450097354,-0.11442145531778618,0.6553734341912467,0.0,-0.768796,-0.2713819,0.57905483
3.1433612207232695,-0.11324540336612805,0.6479094426006541,0.0,-0.76621014,-0.2721084,0.5821332
3.0197614447704786,-0.018672154500860814,0.6832682035152174,0.0,-0.7809005,-0.21558343,0.58627486
3.9571105323197466,-0.09313597583085766,0.6262814361869167,0.0,-0.78308564,-0.21462828,0.583705
4.226528176278624,-0.09784661861881859,0.6149774001981924,0.0,-0.81113464,-0.033069637,0.5839238
4.777553424971755,-0.008379945848898347,0.6004308309468337,0.0,-0.7998848,-0.12735686,0.586485
3.4273200042421177,-0.008380066799623933,0.666994765034587,0.0,-0.79988134,-0.12736452,0.58648795
3.78457871468788,-0.3854347228184828,0.5740374456249906,0.0,-0.8081568,-0.12296071,0.575989
3.938230654796486,-0.2409079755301445,0.5990307821827203,0.0,-0.7961949,-0.16683164,0.5815849
3.3766560909066596,-0.4055721575468983,0.5656107188803443,0.0,-0.8027188,-0.16371255,0.5734463
3.531162761046217,-0.25446671192579945,0.6019574292531656,0.0,-0.7858829,-0.2136234,0.5803043
2.969476021334734,-0.42050136781881664,0.5495560283435819,0.0,-0.79510206,-0.21002434,0.5689485
2.771251950155545,-0.38056669058410625,0.5542000067775722,0.0,-0.7858424,-0.26656896,0.5580256
3.1242399447411597,-0.2650494329126423,0.6006294224038238,0.0,-0.7696019,-0.27114737,0.5780935
2.9958079045044523,-0.21025203397553688,0.6189307627564828,0.0,-0.7879147,-0.21282627,0.5778368
3.538308041755642,-0.19845201023765588,0.617069459227554,0.0,-0.78587955,-0.21363573,0.5803044
3.612908018219241,-0.1430386834948917,0.6271254506767766,0.0,-0.79578006,-0.16161068,0.5836233
3.80933334128024,-0.19271730420238217,0.6111587201755904,0.0,-0.8039961,-0.12516473,0.58131236
4.7572027589613795,-0.16560259078755207,0.5927654581400243,0.0,-0.80340964,-0.1255393,0.582042
4.7539813834289335,-0.19074391947419816,0.5889174407790048,0.0,-0.80340993,-0.12553729,0.5820419
4.190674755182997,-0.37734264159539965,0.575477464394157,0.0,-0.8171789,-0.028784398,0.5756649
1.8430919630744054,0.018842352550603896,0.4769987174164276,0.0,-0.5800563,0.68888533,0.43470874
2.2900664636270536,0.19456632217378486,0.5684774603060954,0.0,-0.7162793,0.45136306,0.53217995
2.047113402318711,0.1859969903201261,0.46640271761431806,0.0,-0.67796683,0.57461655,0.45845026
2.1345212275828493,0.21016897492585,0.4954786690550515,0.0,-0.6657163,0.56110585,0.49191678
2.19257185555598,0.2616850513034625,0.4876840527003288,0.0,-0.74480957,0.45703006,0.48619148
2.286201455357588,0.24814104934001746,0.5337361503825309,0.0,-0.71626276,0.45138264,0.5321855
2.314365361693989,0.28904240040201357,0.5198948211652936,0.0,-0.7587969,0.40950066,0.50649434
2.3755719386248257,0.31509440359061414,0.5267734367297247,0.0,-0.7512942,0.40940422,0.51763415
2.4715079961908977,0.3423837723365248,0.5359867066794499,0.0,-0.76128423,0.3710649,0.5317492
2.512284015931066,0.28047579745437257,0.572158766131944,0.0,-0.7589135,0.34037778,0.5551515
2.5697319190177375,0.36308778176322304,0.5439613918228867,0.0,-0.76779526,0.3389567,0.54368997
2.6119720677827662,0.29511047473369645,0.578169463063571,0.0,-0.76452386,0.31323206,0.56337285
2.7035932210387887,0.37805434055049303,0.5532134042530674,0.0,-0.7692272,0.31223452,0.55749357
3.1433612009228478,0.11324509422298328,0.6479094525008932,0.0,-0.7662102,0.27210838,0.5821332
2.8044080634222706,0.11442108625766584,0.6553734590954583,0.0,-0.7687961,0.27138186,0.57905483
2.7460613218121424,0.03730244838063699,0.6856600807521439,0.0,-0.7461574,0.31711447,0.5853952
2.6058347163466435,0.07060243791009158,0.6716079891787147,0.0,-0.76019704,0.31415313,0.56869
2.541991946170243,0.03329979231265174,0.6871813550246237,0.0,-0.7260817,0.37370652,0.57719034
2.402938599101919,0.060086417740285676,0.6637800958195312,0.0,-0.74646044,0.37226975,0.5515543
1.933133353869823,0.11271561083507284,0.4530708541072008,0.0,-0.58036375,0.6860284,0.43879727
1.9578678517784636,0.10312625249946841,0.4835828289764267,0.0,-0.62567484,0.6297367,0.46039394
2.0163574096431716,0.13991559271022755,0.4884561063413796,0.0,-0.62434244,0.62530667,0.46817532
2.0433170689821276,0.12081428674580368,0.5233493798136838,0.0,-0.66848695,0.5640913,0.48469183
2.1335890141808966,0.17308098166493502,0.5262653307277183,0.0,-0.6657273,0.5610918,0.4919178
2.163948044823389,0.16309966404988316,0.5482467484242018,0.0,-0.7048799,0.49873963,0.50438386
2.2263290725112252,0.17958498753991683,0.559800096255548,0.0,-0.7239255,0.4530013,0.52030927
2.2301947960364226,0.12601031997838763,0.5945414955860825,0.0,-0.7239107,0.45302615,0.5203083
2.293931948733669,0.14099168441455717,0.603218859636631,0.0,-0.71626526,0.45138612,0.532179
2.3626320256555515,0.12071840626646292,0.6267841362076927,0.0,-0.73627394,0.3923912,0.55129826
1.9233372170422482,0.04693695683258782,0.5171881040586082,0.0,-0.581513,0.6698995,0.4616028
1.9486732458349079,0.028094344075378398,0.5548814249398337,0.0,-0.6231419,0.6215068,0.47478765
2.0101640167472365,0.06518233936581097,0.5561694531322792,0.0,-0.6213252,0.6160242,0.4842202
2.0390560594560294,0.03708773927799115,0.5956907437562194,0.0,-0.659585,0.55451787,0.5074027
2.102567903914832,0.08273838766936266,0.5848520881341085,0.0,-0.6615042,0.5565754,0.5026291
2.1348667104866337,0.04565040063306669,0.6249227692769903,0.0,-0.686968,0.49766025,0.5295367
2.2001120980832267,0.07243704297962833,0.6230588437987806,0.0,-0.684806,0.49655458,0.53336126
2.2355346656269877,0.026786405700803515,0.6627654593970881,0.0,-0.7074632,0.44941443,0.54545623
2.3381040072865336,0.0267864141348248,0.6749561291720972,0.0,-0.6955339,0.44667503,0.5627735
1.850023979967348,0.05652631300348909,0.4390414381893975,0.0,-0.5800505,0.68889,0.43470913
2.414254881025655,0.2604317604641863,0.564408105074744,0.0,-0.75116116,0.3719128,0.5453785
2.4256131508675853,0.16053176686239795,0.6158361058072623,0.0,-0.7511627,0.37190944,0.5453787
2.4915506690091447,0.17119178002189656,0.6204334423270754,0.0,-0.7444041,0.3724201,0.55422544
2.5629665727544815,0.14189443361018514,0.6391453954016841,0.0,-0.75311357,0.3311239,0.5684865
2.6259400684414356,0.183201099309651,0.6250787904472351,0.0,-0.7645327,0.31320983,0.56337327
2.7271547152251485,0.1890277154095327,0.62725477746874,0.0,-0.75753194,0.3146821,0.5719446
2.780564042999961,0.3059609484904375,0.5854734316097984,0.0,-0.7743998,0.26980492,0.57228506
3.0197612030871865,0.01867182065566398,0.6832682051475786,0.0,-0.78090054,0.2155834,0.5862749
3.96785068430345,0.009335912612858654,0.6391054395941865,0.0,-0.78090113,0.21558096,0.5862749
3.4154091984500234,0.10173575938984808,0.6418107047443838,0.0,-0.80220765,0.12620462,0.58355397
4.777553423506561,0.00837992658762509,0.6004308316794328,0.0,-0.7998848,0.12735678,0.586485
4.226528159170593,0.09784650174155521,0.614977423653393,0.0,-0.81113464,0.033069573,0.5839238
3.5128506075059684,0.39690247201507045,0.57253353542515,0.0,-0.7909499,0.2116472,0.5741113
3.395709373011048,0.25619842455643055,0.6059082262447517,0.0,-0.79744655,0.16621038,0.5800458
3.9210493236779778,0.37498918761364075,0.5785080954433144,0.0,-0.80018806,0.16493379,0.5766246
3.8028906371351145,0.2429971341283503,0.6034641223075259,0.0,-0.8039856,0.12523028,0.5813128
4.735777438534251,0.33120657738071874,0.5838147546585055,0.0,-0.8069986,0.12358036,0.57747835
4.212150614999081,0.20973976007874676,0.6011307778247724,0.0,-0.8131344,0.03169617,0.58121246
4.757202730006514,0.1656025686381834,0.5927654726174982,0.0,-0.80340964,0.12553923,0.582042
3.809333307584504,0.1927171147143201,0.6111587370235063,0.0,-0.8039961,0.12516467,0.58131236
3.7483039970998915,0.1411264277882312,0.6229334088263608,0.0,-0.7957802,0.16161056,0.5836231
3.5383080070572226,0.19845177284530616,0.6170694765768131,0.0,-0.78587955,0.21363568,0.5803044
2.9958078677428617,0.2102516866655993,0.6189307811373306,0.0,-0.78791475,0.21282622,0.5778368
2.9886624580302286,0.26626638842554884,0.6038187858622377,0.0,-0.78791255,0.21283449,0.5778368
3.1051867838003604,0.41442116588080286,0.5603321077775287,0.0,-0.7765119,0.2691985,0.56970286
4.8081907839075955,-0.23919315701830482,0.4564066722742298,0.0,-0.9508044,0.19500896,0.24071251
4.830001462198689,-0.042014612505905435,0.45659735615183583,0.0,-0.95079577,0.19504385,0.24071842
4.826345453748676,0.0557986322577279,0.4526120746684272,0.0,-0.9508014,-0.19501734,0.24071735
4.804534755882959,0.2529772214020713,0.45242137822643996,0.0,-0.9507998,-0.19502875,0.24071471
3.0125813550548037,-0.07590277775436693,0.6646655019722145,0.0,-0.7662083,-0.27210888,0.5821353
2.9375972865254525,-0.13434941432547554,0.645912119834066,0.0,-0.76620716,-0.2721155,0.58213377
3.1553052680126656,-0.018672142359135422,0.6765854797546126,0.0,-0.7809005,-0.21558343,0.5862749
3.2183132220600372,-0.05601476472853285,0.6631707673621938,0.0,-0.7809067,-0.21556422,0.58627367
3.4250546716615586,-0.026095988457057375,0.6631947744406708,0.0,-0.7830602,-0.2147301,0.5837017
3.552113183219501,-0.08953460985223656,0.6413734367095967,0.0,-0.7830532,-0.21474919,0.583704
4.760096130371067,-0.143177266888247,0.5945587691664649,0.0,-0.8111326,-0.033149615,0.583922
4.635805463216819,-0.06161317576681446,0.6022134992370336,0.0,-0.81113493,-0.033108402,0.58392113
4.367528144940493,-0.050279890620130725,0.6139668204263992,0.0,-0.79986185,-0.1274855,0.58648825
4.238014877575095,-0.00837999417950697,0.6270294632824965,0.0,-0.7998651,-0.12748097,0.58648473
3.959375984109587,-0.07541996290380149,0.6300814267808368,0.0,-0.7998654,-0.12748145,0.58648425
3.8317307248462424,-0.016760041239163304,0.6457227461164576,0.0,-0.7998627,-0.1274826,0.58648777
3.9207667442002947,-0.37707870605725363,0.5762814118544255,0.0,-0.8081603,-0.12295875,0.57598436
3.9974520473842556,-0.30586000063398266,0.587665425282443,0.0,-0.80816054,-0.12295589,0.5759847
3.7256413976545684,-0.3183946725747917,0.5876280675234218,0.0,-0.7962013,-0.16680175,0.5815846
3.8026079153699266,-0.24508666051205852,0.6012374204554551,0.0,-0.796198,-0.16683012,0.58158106
3.5126654258182923,-0.39863744344396024,0.5698147539887684,0.0,-0.8027225,-0.16371085,0.5734416
3.5898253008808894,-0.3239520724718001,0.5866293914572883,0.0,-0.8027233,-0.16370425,0.57344246
3.318177371644942,-0.33435346423127404,0.5836574289083221,0.0,-0.78588474,-0.2136139,0.58030534
3.395524047512615,-0.2579334193846682,0.6031895018126221,0.0,-0.7858831,-0.21362334,0.5803041
3.105153477765296,-0.4156374980530129,0.5568413850777948,0.0,-0.7951018,-0.2100244,0.5689488
3.1825186310117712,-0.3385187975472069,0.5806320608702239,0.0,-0.7951044,-0.21000923,0.56895095
2.988629364509547,-0.26748271497090714,0.6003280612134775,0.0,-0.76960284,-0.27114707,0.5780924
2.911230832768178,-0.3458159791735763,0.5730453280445021,0.0,-0.7696001,-0.2711585,0.5780906
3.131418723154642,-0.20781872211492883,0.6192321239468304,0.0,-0.787914,-0.21282658,0.57783777
3.203987970844109,-0.16925874297778978,0.6294574216528525,0.0,-0.7879125,-0.2128332,0.5778372
3.4074334050050465,-0.16457602033843827,0.6283761339966701,0.0,-0.7858805,-0.21363533,0.5803032
3.3372320098466837,-0.1849800521946595,0.623954809566953,0.0,-0.78588164,-0.21362865,0.5803041
3.4120745770784864,-0.1280107016047242,0.636970708139093,0.0,-0.7957835,-0.16159369,0.58362323
3.6083866514137304,-0.17882538680811758,0.6200107257877104,0.0,-0.79578036,-0.16160898,0.5836233
3.81826258774669,-0.12227725751115096,0.6243961399988625,0.0,-0.7957715,-0.1616657,0.5836198
4.017062677401473,-0.15292927838546055,0.6129787050395168,0.0,-0.80398554,-0.12522998,0.58131284
3.944955961497511,-0.18853863412163976,0.6089520819028549,0.0,-0.803993,-0.1251664,0.58131623
4.223634789967894,-0.12027329852385159,0.6131854153750388,0.0,-0.8034095,-0.12553889,0.58204216
4.351658657460323,-0.17350524885337879,0.601668067142886,0.0,-0.80340785,-0.12554775,0.5820425
4.2118227071528,-0.21245324554114733,0.5990760680553863,0.0,-0.80340886,-0.12554356,0.5820421
4.336623992118849,-0.290827917816001,0.5837107769679589,0.0,-0.8034095,-0.12553953,0.58204216
4.608357423703572,-0.2745452759721389,0.5827414273417144,0.0,-0.8171794,-0.028746555,0.57566607
4.735449522123681,-0.333921295978858,0.581760093874717,0.0,-0.81717885,-0.028786285,0.5756649
3.012581341783574,0.07590244428008741,0.6646655086078483,0.0,-0.76620835,0.27210885,0.5821353
2.9375972630350926,0.1343490693800451,0.6459121315792793,0.0,-0.76620716,0.27211544,0.58213377
3.1553052647479527,0.018671832797410217,0.6765854813869737,0.0,-0.7809005,0.21558337,0.5862749
3.2183132122661338,0.05601446735621828,0.6631707722591593,0.0,-0.7809067,0.21556419,0.58627367
3.5564093540813198,0.05601449019151444,0.6465027803825569,0.0,-0.7809124,0.2155455,0.5862729
3.4272027007524244,0.009335864182925629,0.6657574776915681,0.0,-0.7808999,0.21558543,0.58627486
3.956993214010863,0.09409178744848223,0.6250454824568603,0.0,-0.8022281,0.1260771,0.5835536
3.8269679499057068,0.05410382037546341,0.6356481188343464,0.0,-0.80220866,0.12619892,0.5835538
4.367528136149288,0.05027979848442631,0.6139668248220139,0.0,-0.79986185,0.12748544,0.5864882
4.238014876109901,0.008379878257016467,0.6270294640150956,0.0,-0.7998651,0.12748091,0.58648473
4.760096105337168,0.14317724508799506,0.5945587816834497,0.0,-0.8111326,0.03314955,0.583922
4.635805452444037,0.06161313156570126,0.60221350462344,0.0,-0.81113493,0.03310834,0.58392113
3.376841390591124,0.4038371627049311,0.5683294413183335,0.0,-0.79094595,0.21164872,0.57411605
3.318362683781675,0.33261845758687003,0.5863761451201592,0.0,-0.79095256,0.21163124,0.5741135
3.5900106148362547,0.3222171130639941,0.5893481365621291,0.0,-0.79744667,0.1662091,0.58004594
3.5313480871507883,0.25273171111876913,0.604676153382225,0.0,-0.79744625,0.16621049,0.58004606
3.784861292704553,0.3833451807591797,0.5762641448455476,0.0,-0.8001843,0.16493556,0.57662934
3.725923987392891,0.3163051488247543,0.5898547757842987,0.0,-0.8001939,0.16490413,0.576625
3.9977346393142073,0.3037704946032258,0.589892117546341,0.0,-0.8039833,0.1252286,0.5813163
3.9385133772922947,0.23881848795353433,0.6012574687683183,0.0,-0.8039825,0.12523197,0.5813167
4.32934394425345,0.347013187097972,0.5816681089690132,0.0,-0.8069973,0.12358924,0.5774782
4.208182611893887,0.24054646522195414,0.5980547771696173,0.0,-0.80699694,0.12359307,0.5774779
4.616949331501361,0.20750246097519925,0.5930027903421791,0.0,-0.8131333,0.031664327,0.5812157
4.739745441639444,0.30039988713867255,0.5868907553136613,0.0,-0.81313425,0.031703446,0.5812121
4.22363476893866,0.12027318129735355,0.6131854258896859,0.0,-0.8034096,0.12553878,0.58204216
4.3516586271237205,0.17350515501815747,0.6016680823112308,0.0,-0.8034079,0.12554768,0.5820425
4.01706265066249,0.1529291250588283,0.6129787482113682,0.0,-0.80398566,0.12522992,0.5813129
3.9449559285323956,0.18853845363833122,0.6089521132866206,0.0,-0.80399305,0.12516634,0.5813163
3.953658570257372,0.12036511990474559,0.6202054225367721,0.0,-0.7957686,0.161667,0.5836233
3.7437826240372356,0.17691314583406753,0.6158186870658763,0.0,-0.7957805,0.16160887,0.5836231
3.547470558586598,0.12609975102704227,0.6327787692830714,0.0,-0.7957844,0.16159321,0.5836222
3.3372319775037784,0.18497977904313348,0.6239548257384516,0.0,-0.7858817,0.2136286,0.5803041
3.4074333762296933,0.164575759074785,0.6283761483843876,0.0,-0.7858805,0.21363528,0.5803032
3.2039879412500056,0.16925844604808912,0.629457436449946,0.0,-0.7879125,0.21283314,0.5778372
3.1314185676092112,0.20781841339073703,0.6192321421149525,0.0,-0.787914,0.21282654,0.5778377
3.1242732771058694,0.2638331002495358,0.6041201468398589,0.0,-0.7879117,0.21283476,0.57783777
3.18255195053069,0.33730250662441713,0.5841227768280117,0.0,-0.7879182,0.21281753,0.5778354
2.9112641510112214,0.3445996414805903,0.5765360744425518,0.0,-0.7765061,0.26921147,0.5697047
2.969509326519375,0.419285012560922,0.5530467514685289,0.0,-0.77651227,0.26919842,0.56970257
3.824095851899461,-0.07637596641460102,0.6355094429248095,0.0,-0.7830828,-0.21462946,0.5837085
3.755206711716449,-0.08666793623429515,0.6350868306423136,0.0,-0.7830603,-0.21472993,0.58370167
4.359920094021274,-0.10917990839756835,0.6098720830638502,0.0,-0.81113195,-0.033071548,0.58392733
4.430255957081425,-0.08675322990175616,0.6083387843596291,0.0,-0.8111324,-0.033109255,0.58392483
4.573077412657315,-0.025139910990957214,0.6078401941992929,0.0,-0.7998652,-0.12748136,0.58648455
4.642668098943885,-0.008379957931597074,0.6070801761063643,0.0,-0.799882,-0.12735832,0.58648837
3.560333254150922,-0.025140001710201604,0.657766803000181,0.0,-0.7998785,-0.12736607,0.58649147
3.6289879098285422,-0.016760059400380046,0.6557174317663295,0.0,-0.79986525,-0.12748139,0.5864845
3.7483040217752293,-0.14112662897637146,0.6229333964886569,0.0,-0.7957801,-0.16161065,0.5836232
4.623810692207228,-0.15427056760745886,0.5978694490709648,0.0,-0.80340904,-0.1255396,0.5820427
4.55496798411255,-0.16536386228540148,0.5978574233489772,0.0,-0.8034146,-0.12549315,0.58204514
4.618442671759448,-0.19617057671332108,0.5914574030719342,0.0,-0.8034071,-0.12553881,0.58204544
4.546377351335951,-0.23240525968266462,0.5875974046924077,0.0,-0.803407,-0.12554023,0.58204544
4.398606687090841,-0.3329679490064046,0.5788547400126202,0.0,-0.81717885,-0.028786285,0.57566494
4.326869340987894,-0.3664879384905362,0.5770481068631081,0.0,-0.81717885,-0.028784461,0.57566494
3.832687973159956,0.009335900505271182,0.6457694027928483,0.0,-0.7809011,0.21558094,0.5862749
3.7627252315831416,0.028007882041751694,0.6440640700185214,0.0,-0.78090096,0.21558145,0.5862749
3.5508052023402055,0.09982508491685596,0.637618739796134,0.0,-0.80220836,0.12620424,0.5835531
3.620651833985305,0.08211043411308475,0.6380881106982448,0.0,-0.80220926,0.12619817,0.58355325
4.6426680974786905,0.00837991450492506,0.6070802066412858,0.0,-0.799882,0.12735826,0.58648837
4.57307740826172,0.025139855330225037,0.6078401963970969,0.0,-0.79986525,0.1274813,0.58648455
4.359920074931667,0.10917981528960359,0.6098720926086809,0.0,-0.81113195,0.03307148,0.58392733
4.430255941913019,0.08675314922574498,0.6083388217461754,0.0,-0.8111324,0.033109188,0.58392483
4.603878858534054,0.30854127366955725,0.5873747453851103,0.0,-0.8069979,0.12358069,0.5774791
4.533634782726408,0.3307305570065258,0.58402408615015,0.0,-0.8069975,0.123586744,0.57747847
4.4136401226349395,0.21564384146471044,0.5968120788421634,0.0,-0.81313413,0.03169917,0.5812125
4.344049433417851,0.2324051382957351,0.597570787098171,0.0,-0.81313413,0.031696342,0.58121276
4.6238106652337185,0.15427052168888208,0.5978694625577583,0.0,-0.80340904,0.12553951,0.5820427
4.554967985001752,0.16536380433103964,0.5978574676079015,0.0,-0.8034146,0.1254931,0.58204514
3.612907993209591,0.14303845826688807,0.6271254631816371,0.0,-0.79578006,0.16161059,0.5836233
3.558067921570363,-0.0428559215049886,0.6539667826039426,0.0,-0.7830573,-0.21473132,0.5837053
3.622193342598348,-0.06990791936734264,0.6443148224790456,0.0,-0.7830573,-0.2147311,0.5837053
3.416717179663395,-0.09144531581566423,0.6455653865896469,0.0,-0.7830522,-0.21474962,0.5837053
3.353783969924148,-0.05505868669491341,0.6577347492946632,0.0,-0.7830639,-0.2147136,0.58370286
4.626704078518077,-0.13184524370815248,0.5996627600974054,0.0,-0.8111324,-0.03314979,0.5839224
4.563648023835687,-0.09808652713113276,0.6032348232309553,0.0,-0.81113493,-0.03310736,0.58392125
4.765557491671695,-0.10103853350794806,0.5960894778908888,0.0,-0.81113225,-0.033110365,0.58392483
4.837714782041223,-0.06456526037467977,0.595066797891295,0.0,-0.81113213,-0.033109445,0.58392495
4.16412801063282,-0.05865999401174204,0.6226587865937541,0.0,-0.79986763,-0.12745275,0.58648753
4.234792175839184,-0.03351995568473009,0.6231814608226979,0.0,-0.7998647,-0.12748395,0.5864847
4.439266623531697,-0.016759986817519668,0.6157721422737223,0.0,-0.79986227,-0.12748303,0.5864883
4.370750846676404,-0.0251399291149076,0.6178148228861978,0.0,-0.7998622,-0.12748253,0.5864883
3.8263613036893007,-0.05865994603696491,0.6393094484198911,0.0,-0.7998626,-0.12748297,0.5864877
3.7620013981559257,-0.03351999431093557,0.6464894399296011,0.0,-0.79986274,-0.12748285,0.58648777
3.9668933167804465,-0.01676002913158625,0.6390587829177958,0.0,-0.7998627,-0.12748258,0.5864877
4.03017861090577,-0.050279995344910657,0.6305974699930463,0.0,-0.7998687,-0.12745208,0.58648604
3.5474706998438816,-0.12609998819070614,0.632778773160204,0.0,-0.7957844,-0.16159327,0.5836222
3.7437826549697206,-0.17691334719075852,0.61581867159959,0.0,-0.7957804,-0.16160893,0.5836231
3.9536587105119745,-0.12036528494906609,0.6202054418164078,0.0,-0.79576856,-0.16166708,0.5836233
4.357026826919834,-0.13160659575317152,0.6080800982406964,0.0,-0.8034067,-0.1255404,0.58204573
4.421575976963052,-0.15403192851232947,0.6029627702855824,0.0,-0.8034144,-0.12549326,0.5820453
4.2204132803248795,-0.14541327865542264,0.6093374278164005,0.0,-0.8034085,-0.12554738,0.58204174
4.150496020426796,-0.16488659899640876,0.6080413984703579,0.0,-0.80340874,-0.1255444,0.5820421
4.412985344186326,-0.22107188049695617,0.5927027367279151,0.0,-0.8034093,-0.12553893,0.58204246
4.343066653776887,-0.24054657174489913,0.591406752085296,0.0,-0.803409,-0.12554349,0.5820419
4.131168095057211,-0.31572932590752145,0.5849534135137593,0.0,-0.80340934,-0.12554161,0.5820419
4.205380045494762,-0.2627345916122479,0.5913800631357268,0.0,-0.80340934,-0.12553957,0.5820423
4.814469463121536,-0.24421595612518984,0.5856067580522575,0.0,-0.8171806,-0.028765237,0.5756635
4.740910823819671,-0.2917826296537877,0.5832907578956545,0.0,-0.8171794,-0.02874655,0.57566607
4.532980084004836,-0.3361586335449183,0.5799147339746744,0.0,-0.81717885,-0.028786268,0.5756649
4.602896122007582,-0.31668394229720986,0.5812107782219381,0.0,-0.81717885,-0.028786285,0.5756649
3.352475995072816,0.0653491144763372,0.6539800642683713,0.0,-0.780906,0.21556441,0.58627445
3.4236292806404345,0.03734248863117334,0.6582027690044332,0.0,-0.78090954,0.21554661,0.58627635
3.628754614151334,0.01867187520788185,0.6532454349811815,0.0,-0.78090364,0.21558045,0.58627176
3.5599826549840206,0.028007863880612462,0.6540574592673694,0.0,-0.78090274,0.2155843,0.58627146
3.754973284606871,0.08857978522739028,0.6326148101664008,0.0,-0.80221164,0.1261969,0.5835503
3.823745362983476,0.07924378165356558,0.6318014894791883,0.0,-0.80222523,0.12607859,0.583557
4.031135972567958,0.042855890631045716,0.630644099797531,0.0,-0.8022141,0.12616871,0.58355284
3.9602159201423834,0.06895182244509955,0.6288921267131793,0.0,-0.8022115,0.12619743,0.58355033
4.164128000376395,0.05865986555256296,0.6226587768208196,0.0,-0.79986763,0.12745267,0.58648753
4.23479216997838,0.03351983953516748,0.623181478654269,0.0,-0.7998647,0.12748389,0.5864847
4.439266680205941,0.01675990706714501,0.615772128837766,0.0,-0.79986227,0.12748295,0.5864883
4.370750782676164,0.025139837206270742,0.6178147952816794,0.0,-0.7998623,0.12748247,0.58648837
4.563648006685704,0.09808647022432901,0.6032348169048097,0.0,-0.81113493,0.033107292,0.58392125
4.6267040554655345,0.13184518323753386,0.5996627716237091,0.0,-0.8111324,0.033149723,0.5839224
4.837714770752278,0.06456525210128763,0.5950668035357832,0.0,-0.8111322,0.033109378,0.583925
4.765557474005565,0.10103851252877222,0.5960894867239793,0.0,-0.81113225,0.033110294,0.58392483
4.193149296946013,0.3578678665271304,0.5800974674490117,0.0,-0.80699706,0.12358939,0.5774785
4.133642647593039,0.296254539606366,0.5895734111821928,0.0,-0.80699736,0.123588085,0.57747835
4.340081430312658,0.2632118285377813,0.5944947864430152,0.0,-0.80699635,0.1235934,0.5774786
4.401736113319247,0.30806522349303406,0.5875840768767533,0.0,-0.8069975,0.12358671,0.5774784
4.812976114462925,0.2555479049752727,0.587152134621615,0.0,-0.8131337,0.03168203,0.58121413
4.752488059020833,0.2020758276564628,0.590462812673675,0.0,-0.81313586,0.031662438,0.5812121
4.545538792042101,0.23830917497820217,0.59325208811556,0.0,-0.81313425,0.031699162,0.58121246
4.607846861639247,0.2777345834275117,0.5904507311391048,0.0,-0.813134,0.03170366,0.5812125
4.421576009635915,0.15403184678865536,0.6029627837515117,0.0,-0.8034144,0.12549318,0.5820453
4.357026803909021,0.1316065022959923,0.6080801097461352,0.0,-0.8034067,0.12554032,0.5820457
4.150495991597128,0.16488646943163143,0.6080413979840718,0.0,-0.80340874,0.12554434,0.5820421
4.220413254900034,0.14541314630089908,0.6093374405288594,0.0,-0.8034085,0.12554732,0.58204174
3.818262685576368,0.12227706842708426,0.6243961506886986,0.0,-0.79577154,0.16166563,0.5836198
3.608386620146937,0.17882516141156385,0.6200107265199907,0.0,-0.79578036,0.16160889,0.5836233
3.412074673905704,0.12801044040120665,0.6369707193301606,0.0,-0.7957835,0.1615936,0.5836232
4.866209447218344,-0.16855595936376613,0.5415107534163156,0.0,0.70358795,-0.14432237,0.69579816
4.771686745094799,-0.14099062941541593,0.35975464562198517,0.0,0.70359033,-0.14431092,0.6957981
4.869865418850922,0.15477329576650167,0.5454961129131388,-0.0,0.70358914,0.1443187,0.6957977
4.775342736448211,0.12720798008210935,0.36374000270896517,-0.0,0.7035895,0.14431316,0.69579846
1.721158751599369,-0.09945615686009739,0.302828009549576,0.0,-0.7378863,-0.51907533,0.4313752
1.6855239922902245,-0.06261349322734648,0.29867195809377056,0.0,-0.7885057,-0.4506215,0.41856784
1.6874945195325988,-0.0361455484703751,0.3179346307213662,0.0,-0.734391,-0.53137803,0.42226458
1.6416358959594421,-0.013544270056702381,0.29208278596803006,0.0,-0.79866314,-0.46328968,0.38405704
4.531326710600451,-0.33429458229574555,0.453281417777697,0.0,0.28890088,-0.74540806,0.6007522
4.693321465412543,-0.3290784784176094,0.5025854264895868,0.0,0.18069123,-0.78149176,0.59717774
4.1140306925775745,-0.3818093249965814,0.43886001229270744,0.0,0.18417181,-0.77953184,0.5986743
4.279933306365855,-0.37259860704316644,0.4916467801780787,0.0,0.078517854,-0.8000762,0.5947377
3.9368294829263477,-0.40241332705653154,0.4840240600637988,0.0,0.063832484,-0.8056044,0.589005
4.458542850421159,-0.30460789329543914,0.3163279757865436,0.0,0.30209678,-0.73449606,0.60766196
4.624226744804816,-0.2935598919806311,0.368940072340711,0.0,0.19739701,-0.7719229,0.6042925
4.030052038550274,-0.3695333618616923,0.29119060808420627,0.0,0.20074362,-0.7699726,0.60567653
4.1997080159184685,-0.35453196309521423,0.3476826393605143,0.0,0.09717274,-0.792739,0.60176593
3.8471652617828074,-0.39859734943890196,0.3309559945872904,0.0,0.08148502,-0.7989368,0.59586936
4.5677174336961,-0.3491386122493313,0.5217561271164826,0.0,0.2818524,-0.7510866,0.59701604
4.727869570774302,-0.34683589408972293,0.569408103564107,0.0,0.17195788,-0.78635615,0.5933587
4.156021390497989,-0.3879465466047457,0.5126961002049822,0.0,0.17552654,-0.784383,0.5949234
4.320048186763733,-0.381631988621616,0.5636294019298225,0.0,0.06898356,-0.8037131,0.5910046
3.7769626744597384,-0.4181799648310105,0.5563733692958808,0.0,0.06386763,-0.8056034,0.5890026
4.494933335098229,-0.3194519232490483,0.38480274472997394,0.0,0.29564977,-0.7398756,0.6042973
4.65877341965521,-0.3113185593504074,0.4357626898105315,0.0,0.18906829,-0.7767035,0.6008201
4.072042676866048,-0.37567064307456266,0.36502797749634114,0.0,0.19265315,-0.7747061,0.60225844
4.2398214062003445,-0.36356668577836404,0.4196666916236741,0.0,0.087963,-0.79640937,0.5983264
3.681502736777025,-0.42237342124399085,0.3982172721773064,0.0,0.08147914,-0.7989375,0.5958692
3.6520786658328217,-0.4265799647992043,0.4618733338811734,0.0,0.0010120735,-0.8035307,0.5952625
3.2858480614891814,-0.4573401341705178,0.4190359511736866,0.0,-0.00827818,-0.80590516,0.59198684
3.49402145397619,-0.4377093312607671,0.5344773041607604,0.0,-0.08047015,-0.80606914,0.58632517
2.867758554468142,-0.48009483898475497,0.39785731720442125,0.0,-0.083145924,-0.8064552,0.58542025
3.084390680253529,-0.4574868133611776,0.5185574093162323,0.0,-0.11475574,-0.80450356,0.5827565
2.7363970695148634,-0.47522551067388885,0.4448800177270209,0.0,-0.164583,-0.8073342,0.56667805
2.5994346550557323,-0.46754686445522653,0.43522269470222347,0.0,-0.21549882,-0.80020523,0.55967104
2.5093880106879043,-0.46575086372167945,0.40206665745010217,0.0,-0.26262665,-0.79669905,0.5443324
2.520782509883083,-0.4481668392032271,0.45554272361598885,0.0,-0.3254675,-0.7816995,0.5319933
2.4084372910817184,-0.4465320697528078,0.39423866108254324,0.0,-0.34305307,-0.7780894,0.5262049
2.4220588578533797,-0.424705386393132,0.4469960444295036,0.0,-0.41143915,-0.75346285,0.51284647
2.309252060317462,-0.4188907816777104,0.38601602273008623,0.0,-0.42398453,-0.74927706,0.50874466
2.3250878200677016,-0.3928828322547706,0.43788806866864477,0.0,-0.49379435,-0.7146334,0.49544552
2.212061677096656,-0.3831521428146905,0.3774240147479035,0.0,-0.4984092,-0.71245956,0.493953
2.2305319618278587,-0.35350544876364765,0.4283000374289978,0.0,-0.5657899,-0.66930395,0.4815745
2.1438226989318383,-0.33113750064761055,0.39530532104719174,0.0,-0.5842121,-0.6575757,0.47569978
2.0242147677480586,-0.26515078782777785,0.38229872617423083,0.0,-0.650131,-0.5976565,0.46918717
1.9391267507391743,-0.23762679941566472,0.3501575187286642,0.0,-0.6702027,-0.5799999,0.4630642
1.9372599285614678,-0.18382682950476797,0.39280154497560527,0.0,-0.6972086,-0.5507081,0.4589345
1.8268396994172105,-0.15988025341063425,0.3361494769305494,0.0,-0.708506,-0.5422397,0.45165843
1.8262720201286595,-0.10667087592399653,0.37685068975522096,0.0,-0.7027768,-0.5483382,0.4532439
1.7727973541337483,-0.09172281678571226,0.34906667069998976,0.0,-0.73788726,-0.5190757,0.43137318
1.7719652688877434,-0.04133615501423481,0.38754799781358384,0.0,-0.676665,-0.5852579,0.4467636
1.722297432014316,-0.02260154474369228,0.36057200929076605,0.0,-0.6838894,-0.60449636,0.4085088
1.5756053936401062,-0.01354427294477589,0.22609341085358914,0.0,-0.79865026,-0.46331897,0.3840486
1.5361814526254145,-0.0312882466062928,0.18227994305221673,0.0,-0.9025674,-0.20338307,0.37948328
1.600241427702377,-0.057756188475190665,0.22900664553906203,0.0,-0.77315855,-0.48375982,0.4101246
1.5594253608588846,-0.07841214247661928,0.18414812937355562,0.0,-0.8563788,-0.32536462,0.4009403
1.6437013246348404,-0.11105482959250745,0.23347210398658103,0.0,-0.73788756,-0.51907307,0.43137562
1.614032043027597,-0.1478108614191829,0.18812280247223556,0.0,-0.79507756,-0.43052077,0.42720443
1.7178771658036034,-0.18555489986147441,0.23989748143685818,0.0,-0.70849824,-0.5422516,0.45165634
1.690385122709205,-0.22286558989854524,0.19290553549290268,0.0,-0.7233675,-0.523776,0.44988683
1.801214478500516,-0.25099088355628074,0.24651353454197655,0.0,-0.67533654,-0.57319504,0.46407756
1.7760973227946781,-0.2874108415104989,0.19806407625826372,0.0,-0.6592467,-0.5897962,0.46640578
1.8636067189805687,-0.31593743932774554,0.22762130309970197,0.0,-0.6162841,-0.6247892,0.4794084
1.9896347855717145,-0.38088688155168204,0.23596261266911134,0.0,-0.5537197,-0.6765874,0.48541108
2.0797653549590693,-0.40189623080549525,0.2668426457206401,0.0,-0.52222365,-0.69418836,0.49536347
2.0631132502161487,-0.4304454243319595,0.21501998211919637,0.0,-0.45841345,-0.73005366,0.5068321
2.17957333576634,-0.4377093155664586,0.27372930520789995,0.0,-0.44995975,-0.73342514,0.5095329
2.1653535770257752,-0.46235061971513025,0.22105059986901188,0.0,-0.38375774,-0.7618509,0.52183634
2.2814109732238124,-0.4653587393837159,0.28057996384656136,0.0,-0.36946517,-0.7657423,0.5264353
2.269426626708965,-0.4857455531683959,0.22718141339869102,0.0,-0.30536118,-0.7853211,0.53854007
2.3850586837902688,-0.48450287825359956,0.28736410407343216,0.0,-0.2877951,-0.7880479,0.5442007
2.375313564199657,-0.5006495365982373,0.233410753777336,0.0,-0.22963372,-0.79942983,0.5551399
2.4683320959497888,-0.5000869216415046,0.2658332963739499,0.0,-0.19466294,-0.8009085,0.5662615
2.6105907404024262,-0.5040748179456377,0.27446792306501944,0.0,-0.14666641,-0.80663335,0.5725658
2.9685240212895696,-0.481597461143697,0.34920532386405023,0.0,-0.10728654,-0.80385053,0.585076
2.7475827182723016,-0.5061134615967874,0.22784660034407067,0.0,-0.076754056,-0.80551016,0.58759004
3.3906174100740394,-0.45146811170717555,0.3705492716379568,0.0,-0.06543378,-0.80375296,0.5913541
3.178365391323721,-0.47532413912591776,0.25272665330277055,0.0,0.005564702,-0.80233717,0.5968452
3.554685272916468,-0.4334453187184248,0.30202124608336733,0.0,0.018686304,-0.7987868,0.6013239
1.748117445261581,0.018734348435205692,0.38369196735257893,0.0,-0.5741759,0.6945363,0.43352202
1.6416358935913347,0.013543729451082462,0.29208278715208713,0.0,-0.7986633,0.4632895,0.38405707
1.687494513212759,0.036145013622882805,0.31793463388129495,0.0,-0.73439103,0.5313779,0.42226458
1.6855239813425835,0.06261295971931642,0.2986719635676064,0.0,-0.7885058,0.45062134,0.41856775
1.7211587342099537,0.09945562921930935,0.3028280182443083,0.0,-0.7378864,0.5190753,0.43137512
1.7499561273677462,0.04133562788764208,0.36555200995886183,0.0,-0.7513365,0.5023193,0.42798227
1.8272788455664033,0.07888496877391532,0.39719197498864256,0.0,-0.6727477,0.5890101,0.44774723
1.8004519842787858,0.11053702400914636,0.3537307131924223,0.0,-0.7314259,0.51646805,0.4452831
4.556815981747,0.34224784900510563,0.5000334531658863,-0.0,0.281845,0.7510894,0.59701604
4.671518745276579,0.31529458084817313,0.4591400165095077,-0.0,0.1892491,0.7766593,0.60082036
4.14327594261327,0.38397046861691975,0.48932014594003986,-0.0,0.17552996,0.7843822,0.5949234
4.254442659924563,0.36464662463875497,0.444896147693174,-0.0,0.08796314,0.7964095,0.5983264
3.6961253511258767,0.42345454586003084,0.4234467333879192,-0.0,0.08157335,0.7989274,0.5958698
4.484031947944468,0.31255990755418883,0.36308012778866844,-0.0,0.29556334,0.73991007,0.60429746
4.602424001076685,0.27977724571156853,0.32549331815103777,-0.0,0.20541307,0.76721823,0.60760325
4.059297290732481,0.37169319240625565,0.3416508002629246,-0.0,0.19252948,0.7747372,0.602258
4.174217372636055,0.3465798898426913,0.3009295019010848,-0.0,0.10623538,0.7890544,0.60506797
3.600662551686908,0.4276491318967515,0.2652906366359987,-0.0,0.09834705,0.79226935,0.60219353
4.593210695758556,0.35709053823090653,0.5685108162090154,-0.0,0.27461365,0.75685966,0.5930858
4.70606666871938,0.333054500114148,0.5259614434390034,-0.0,0.18070084,0.78148955,0.5971777
4.185266758669657,0.39011055213519824,0.5631506911570099,-0.0,0.1666615,0.78927183,0.5909939
4.294555929417601,0.3736798281242163,0.5168760880256205,-0.0,0.07861769,0.8000662,0.594738
3.776962720552161,0.4181797744725888,0.5563734058544183,-0.0,0.063867554,0.8056034,0.5890026
3.87429865592385,0.40979853819534845,0.49383078816704695,0.0,-0.008080545,0.80585474,0.59205824
3.547425232163814,0.4337171077664464,0.5108293782514136,0.0,-0.022780402,0.80943525,0.5867671
3.376438697929704,0.44594653800295586,0.4516187207125556,0.0,-0.065412976,0.8037545,0.5913543
3.135850747144027,0.45776116897367725,0.49439608071461805,0.0,-0.09001318,0.8074085,0.5830859
2.960711914842808,0.47105984677088353,0.4305853453549905,0.0,-0.107272156,0.8038523,0.5850762
2.724888999143433,0.4672678067104097,0.47052674547877127,0.0,-0.18410134,0.80768937,0.56012905
2.6135904374884347,0.47365980177272454,0.40906401558887895,0.0,-0.19463462,0.8009143,0.5662629
2.555179794749469,0.45315844913265113,0.45796676470799325,0.0,-0.29924014,0.7920601,0.5320679
2.476641376394666,0.4593197769673941,0.3991640410927318,0.0,-0.28781483,0.7880409,0.5442006
2.4558651069191595,0.43250111006907666,0.44949742061960557,0.0,-0.3843063,0.7679158,0.51245874
2.3762666796810423,0.4372969847887689,0.39109607462257556,0.0,-0.36945432,0.76574767,0.52643526
2.3582961206550825,0.4034929518333636,0.4404667494240188,0.0,-0.46752948,0.73279303,0.49439928
2.277660095880999,0.4069129426200211,0.3826293825157116,0.0,-0.44994408,0.73343515,0.50953245
2.2629224933518146,0.3666556939182694,0.43092672639428226,0.0,-0.5418611,0.69003534,0.479831
2.1814880048588945,0.36890236716949915,0.37384934845789625,0.0,-0.52222055,0.6941908,0.4953632
2.141760084103519,0.3060022954320117,0.41705606725270583,0.0,-0.6175173,0.6343699,0.46502388
2.029489491879841,0.28976496967321386,0.35821608975538116,0.0,-0.61628,0.6247876,0.47941568
1.9662132085512676,0.2032316395803603,0.3955227523470865,0.0,-0.6888194,0.5624618,0.4573453
1.8831879917038696,0.2008423675907831,0.3416307954364652,0.0,-0.68581045,0.5588327,0.46622977
1.826839671462913,0.15987974133462027,0.33614949090773794,0.0,-0.7085061,0.54223967,0.4516584
4.520425291049078,0.32740390808200154,0.4315587127270727,-0.0,0.28873873,0.7454705,0.6007525
4.6369720139264485,0.2975372245820774,0.3923174570918733,-0.0,0.19747883,0.7719018,0.60429263
4.101285364975217,0.3778331865172114,0.4154839978865833,-0.0,0.18414223,0.7795388,0.5986742
4.2143292712222555,0.35561318273488784,0.3729120052332605,-0.0,0.097285196,0.79272467,0.60176677
3.6815026629269516,0.42237322802129584,0.398217368707093,-0.0,0.081479065,0.7989375,0.5958691
3.7827013373748,0.40865189259876394,0.33906667230653115,-0.0,0.009929176,0.8011731,0.5983503
3.446060022519954,0.4453624230960122,0.3480906383162645,0.0,-0.00825535,0.8059052,0.5919871
3.2709946228653113,0.46181573623203415,0.2864986859962948,0.0,-0.05096719,0.8013172,0.5960647
3.022137242235521,0.48091983589244963,0.3253746838978624,0.0,-0.08319613,0.80645293,0.5854161
2.842690662880177,0.49612782892794194,0.2609052874946034,0.0,-0.100225136,0.8031819,0.5872426
2.5977599186294187,0.49703850515791076,0.300369403630908,0.0,-0.16456749,0.80733776,0.5666774
2.4838120495621205,0.5052758299661578,0.23941870752262095,0.0,-0.1754789,0.8011223,0.5721976
2.4211041500663306,0.4880584842180344,0.2893106554699765,0.0,-0.2626537,0.7966903,0.5443322
2.3409158750184895,0.49565714809404665,0.23098679563366864,0.0,-0.25368273,0.7922298,0.55499285
2.3168544356901286,0.47171431556308036,0.2824387756547492,0.0,-0.34303337,0.7780981,0.5262047
2.2356197416178567,0.4779489568295423,0.22468014660522284,0.0,-0.33089006,0.7748136,0.53867954
2.214396199253264,0.4469516466442367,0.2754999594554539,0.0,-0.42399585,0.7492704,0.5087449
2.132145126904751,0.45173965325888327,0.21847202368299456,0.0,-0.40914956,0.74809515,0.52244645
2.1139747734581453,0.4139476224859208,0.2685240092022215,0.0,-0.49842343,0.71244913,0.49395376
2.030722581621993,0.417294269453869,0.21239330208456209,0.0,-0.4817903,0.71401554,0.50799584
1.9859654592176406,0.3560117181809927,0.25887866384291347,0.0,-0.58421934,0.6575706,0.47569805
1.870485276036764,0.3402929524492155,0.20237065849044833,0.0,-0.58493954,0.64726347,0.48876968
1.8309840918515623,0.27165697665534433,0.24781609768997415,0.0,-0.67019075,0.58001554,0.4630618
1.747143960411182,0.26800502483642547,0.19534291008374793,0.0,-0.66392905,0.58371913,0.46740797
1.7448665912121366,0.2100277485799321,0.2410322519556023,0.0,-0.7131593,0.5350333,0.45292735
1.6629905524694575,0.2013077480285733,0.19014550135318575,0.0,-0.7196594,0.5299864,0.44855845
1.665670382651402,0.14007833854284646,0.23435998575256234,0.0,-0.75597304,0.4861324,0.4383833
1.5892200361660986,0.1238916123789007,0.18534547632080378,0.0,-0.78479195,0.4561901,0.4195142
1.6080665523500812,0.07421161752136192,0.2293161186232463,0.0,-0.7885076,0.45061725,0.4185688
1.5486028137176122,0.06548764758017962,0.18276942062533152,0.0,-0.8525125,0.34619915,0.39162293
1.5802013846701128,0.03128769908705493,0.22627341884048346,0.0,-0.819191,0.41157654,0.39941308
1.5269639476522618,0.017743697592547857,0.18092548924760055,0.0,-0.9041888,0.2248874,0.36313674
4.829853375697587,-0.05618531853441975,0.45072802655673555,0.0,0.7035899,-0.14431347,0.695798
4.808042801714393,-0.25336125534360243,0.4505373724815659,0.0,0.7035881,-0.14432111,0.6957983
4.811698773420308,0.2395786044304897,0.45452270959000035,-0.0,0.7035903,0.14430977,0.6957984
4.833509381878827,0.0424026565169614,0.4547133762297806,-0.0,0.70358676,0.14432955,0.6957979
4.670597461735202,-0.3167518803015877,0.4583133916680647,0.0,0.28889585,-0.7454122,0.60074943
4.7511335141556135,-0.3148732253240603,0.4825520675829316,0.0,0.2888595,-0.745425,0.600751
4.474436075032406,-0.347042591187088,0.4741414931710852,0.0,0.18069357,-0.7814912,0.5971777
4.555894732720608,-0.34370520189112785,0.49920682596810556,0.0,0.18069139,-0.7814917,0.59717786
4.253504069862057,-0.36609472724561876,0.4439680714322217,0.0,0.18417098,-0.7795323,0.598674
4.335985394195434,-0.3622133263051573,0.46989743318368565,0.0,0.18415552,-0.77953553,0.59867454
4.058916066474555,-0.39074797116206417,0.46153475126279536,0.0,0.078571334,-0.80006975,0.5947393
4.142337355929453,-0.3854185945444647,0.48839212759438294,0.0,0.07852684,-0.8000727,0.5947411
3.8156293990643992,-0.4118425848449239,0.5070280252678585,0.0,0.063838765,-0.8056047,0.58900386
4.601502711325267,-0.28123460516673715,0.3246666666123016,0.0,0.30209664,-0.7344962,0.60766184
4.683884078589513,-0.276439912063867,0.35055996759359787,0.0,0.30211866,-0.7344878,0.607661
4.399808136805539,-0.3202705694052385,0.335534618206458,0.0,0.19741136,-0.77191716,0.6042952
4.483110693727269,-0.314017231390977,0.36225344358165296,0.0,0.1974039,-0.77191883,0.60429543
4.173278839019307,-0.34802799389063943,0.30000267891712085,0.0,0.20073865,-0.76997554,0.60567456
4.257637470991475,-0.34125198270051754,0.32778529821279145,0.0,0.20073123,-0.7699772,0.6056748
3.9730613565060113,-0.3813667076838066,0.3120146823121315,0.0,0.09720258,-0.792733,0.6017691
4.058358701902041,-0.37314134990976894,0.3407240048858005,0.0,0.09718294,-0.792735,0.60176975
3.7221013668949023,-0.41336804785603504,0.3505679784329898,0.0,0.08148806,-0.7989368,0.5958689
4.70514410678339,-0.33451188877581806,0.5251347276379639,0.0,0.28185222,-0.7510868,0.5970159
4.784758835435637,-0.3340892561052729,0.5485467168684737,0.0,0.28184855,-0.75108796,0.5970161
4.5117507295992,-0.3604279762291455,0.5434440812872381,0.0,0.17197357,-0.78635246,0.59335905
4.5922881678274825,-0.3585479503447258,0.5676840983066724,0.0,0.17196004,-0.78635496,0.59335965
4.29361734093439,-0.3751265591034488,0.5159507825910004,0.0,0.17551796,-0.78438765,0.59491956
4.37516138235527,-0.3726932530492963,0.540954782169028,0.0,0.17551692,-0.7843879,0.5949197
4.101845358609783,-0.3954386178022415,0.5362960821391505,0.0,0.06893764,-0.8037158,0.5910063
4.184328173059287,-0.39155730626861424,0.5622253842859658,0.0,0.068982735,-0.80371344,0.5910043
3.8981627583216873,-0.4087507070426181,0.5333694040918211,0.0,0.06386956,-0.8056026,0.5890034
3.973385369431357,-0.40511735093256734,0.5470960559191889,0.0,0.06384177,-0.80560285,0.5890063
4.636049386175773,-0.29899455403638264,0.39148943309367806,0.0,0.29564512,-0.7398795,0.60429484
4.71750813327095,-0.29565725414743654,0.4165560175882348,0.0,0.29556277,-0.7399097,0.6042982
4.437121360860975,-0.3336572955519364,0.40483738513648665,0.0,0.18915728,-0.7766821,0.6008199
4.51950266852046,-0.32886126134456267,0.4307306563155191,0.0,0.18907504,-0.77669966,0.60082304
4.213392050487124,-0.3570612860623264,0.37198664177337604,0.0,0.19264364,-0.7747116,0.60225445
4.2968120286399625,-0.35173333995625883,0.39884270680271605,0.0,0.1925481,-0.7747327,0.6022578
4.015989337339055,-0.38605735432409727,0.38677598338616426,0.0,0.08800417,-0.7964061,0.59832495
4.100348028915867,-0.3792813431339727,0.4145586622864796,0.0,0.08796298,-0.7964095,0.59832644
3.806566750874222,-0.40760275262917106,0.37860531813392806,0.0,0.08148003,-0.79893714,0.59586954
3.8837200754039785,-0.40129872090833907,0.3940279904427964,0.0,0.081516996,-0.7989358,0.5958662
3.791764057015823,-0.4128906136720871,0.4674893139126146,0.0,0.0010226344,-0.80353296,0.59525937
3.425765434170537,-0.44617745375838663,0.425587962436236,0.0,-0.008278142,-0.80590516,0.5919869
3.528832116220252,-0.43741729299776644,0.4827133523951137,0.0,-0.008280643,-0.80590487,0.5919871
3.253075997121088,-0.45552014132437696,0.4719906548226537,0.0,-0.080497816,-0.80606806,0.5863228
3.3581825883490897,-0.4446494693729385,0.5303067072578183,0.0,-0.08048254,-0.8060709,0.58632094
3.007864039785259,-0.47324282613030993,0.4057666452493701,0.0,-0.08315624,-0.8064567,0.58541673
3.115102808370014,-0.46241617210434677,0.465951988749734,0.0,-0.08317089,-0.806454,0.5854182
2.839198869200447,-0.4742121931815903,0.4507919938703284,0.0,-0.114755146,-0.80450386,0.5827562
2.948591987982502,-0.4624308513863167,0.5113066828771295,0.0,-0.11475619,-0.8045036,0.5827564
2.625098508977478,-0.4816175198230011,0.383417317080643,0.0,-0.16458143,-0.8073351,0.5666772
2.710733215593117,-0.461154855306113,0.4966853655462789,0.0,-0.21550049,-0.80020404,0.5596721
2.0315521038691364,-0.31490015957252826,0.3364652853647387,0.0,-0.584212,-0.6575777,0.4756973
2.1364853628107587,-0.28138809910053514,0.44113870225204044,0.0,-0.65013033,-0.59765506,0.46918973
1.9790866664912152,-0.3316561302038078,0.2841293070779889,0.0,-0.61628336,-0.624784,0.47941616
1.8741548380610626,-0.3651681310709777,0.17945466829547185,0.0,-0.55371815,-0.676594,0.48540366
2.5822799635768217,-0.4918495226338311,0.3267839335977271,0.0,-0.19466485,-0.8009072,0.56626254
2.496642872775391,-0.5123121871509888,0.21351728584124352,0.0,-0.14666477,-0.8066342,0.5725651
2.8284187743910345,-0.48844950380044355,0.34129599581910003,0.0,-0.10727518,-0.8038495,0.58507955
2.7168705901558217,-0.5011841624582616,0.28045199110824404,0.0,-0.107264005,-0.8038519,0.58507824
3.001389426719986,-0.48557484412898816,0.296929278606193,0.0,-0.076752424,-0.80551046,0.58759004
2.8919961887286365,-0.49735612631963,0.23641464920403932,0.0,-0.07675393,-0.80551016,0.58759016
3.2507000373926838,-0.4626307921193079,0.3639972901777298,0.0,-0.06543382,-0.80375296,0.591354
3.143554729079539,-0.4756148064820912,0.3044906646731219,0.0,-0.06543277,-0.80375314,0.59135395
3.427466789403354,-0.44906398273037296,0.3199759525463436,0.0,0.0055929394,-0.8023354,0.59684724
3.32236007896618,-0.4599359957863319,0.2616599597157653,0.0,0.005575182,-0.8023343,0.5968488
3.69823602484644,-0.4144173879853846,0.311029296880011,0.0,0.018672235,-0.7987843,0.6013276
4.757505433872719,0.3168612353143654,0.49424008920028745,-0.0,0.2818879,0.7510735,0.59701586
4.683341385697312,0.3207292131974025,0.4816894373422327,-0.0,0.2818508,0.75108474,0.5970191
4.468985289099475,0.34359586157949096,0.4632800669657313,-0.0,0.18917312,0.7766757,0.60082316
4.54499334132627,0.3368131868535539,0.4774840323331601,-0.0,0.18924172,0.7766635,0.60081714
4.343297271010044,0.36275319981410215,0.4825134733931852,-0.0,0.1755196,0.78438735,0.5949196
4.2681266344464515,0.36717457696695377,0.4691988092225894,-0.0,0.17552112,0.7843871,0.59491944
4.052543904173484,0.3887598148272526,0.44984804303049314,-0.0,0.088008784,0.79640424,0.59832656
4.129591968091381,0.38144251628872095,0.46501748441062446,-0.0,0.087972425,0.7964058,0.5983299
3.9202760104802383,0.40400249875544186,0.45710011102427356,-0.0,0.08152159,0.7989339,0.5958681
3.835810625493105,0.40976524846762163,0.4290627122225987,-0.0,0.081564784,0.7989307,0.5958665
4.6902560050265105,0.2784279218350503,0.3622481348626101,-0.0,0.29558635,0.73990285,0.60429496
4.614246671299853,0.2852105965609352,0.3480427985883515,-0.0,0.29556242,0.7399108,0.604297
4.394357474762745,0.31682520977354656,0.32467330886996315,-0.0,0.20541994,0.76721627,0.6076033
4.472209367128265,0.307126586507151,0.3405306771536784,-0.0,0.20541437,0.76721746,0.6076038
4.2649480997735445,0.34179182513211814,0.3404013365897861,-0.0,0.19254965,0.7747352,0.6022541
4.187901466367234,0.34910784217084445,0.3252334449303629,-0.0,0.19252495,0.77473974,0.60225606
3.9666880037523145,0.37937857921145124,0.300326721562152,-0.0,0.106237195,0.78905225,0.6050704
4.045613256605945,0.36916526988043136,0.3173468274313255,-0.0,0.10624134,0.78905195,0.6050701
3.8306105979110066,0.40018654864431685,0.3040319856095174,-0.0,0.09836423,0.79226434,0.6021973
3.7442134261531157,0.4086212254754138,0.2742986857691646,-0.0,0.09835776,0.79226506,0.6021975
4.791132137600905,0.3360771767984589,0.560236081270256,-0.0,0.2746426,0.7568503,0.5930843
4.71789070984938,0.33848782116126,0.5485121159692112,-0.0,0.2746156,0.75685817,0.5930869
4.506299971128104,0.3569825285870663,0.5325828052637427,-0.0,0.18069117,0.78149176,0.5971778
4.581386654628555,0.3516572171837945,0.5459601436788075,-0.0,0.1806993,0.78149045,0.597177
4.3824733765466775,0.37323455770754455,0.553568081481117,-0.0,0.1666534,0.7892731,0.59099466
4.308240082753299,0.37620921096396526,0.5411773786482685,-0.0,0.16666146,0.78927195,0.5909939
4.0954733146978635,0.39345046243763,0.524608092817056,-0.0,0.07858348,0.80006707,0.5947413
4.1715826649386045,0.3875811692954545,0.5388494005343618,-0.0,0.078617744,0.80006623,0.59473807
3.9733852985984264,0.4051171957288096,0.547096091335755,-0.0,0.06384169,0.80560285,0.5890062
3.8981626868534818,0.40875053988655186,0.5333694100237032,-0.0,0.063869484,0.8056027,0.5890034
3.6593907698116848,0.42712109033853535,0.474488068415667,0.0,-0.008081802,0.80585504,0.59205776
3.7530985704132425,0.4192277429790525,0.5168347839977607,0.0,-0.008081767,0.80585504,0.59205776
3.4115867229511316,0.44065722249244366,0.5066587223505533,0.0,-0.022768462,0.8094385,0.586763
3.236521323296606,0.4571091945239595,0.44506674022820253,0.0,-0.06541293,0.8037545,0.59135425
3.00005193479927,0.4627051838888951,0.4871453845100593,0.0,-0.09001288,0.80740863,0.5830858
2.820606428327652,0.47791180601765004,0.4226760179090628,0.0,-0.10727942,0.803849,0.58507943
4.723881427254831,0.2976438931212994,0.4282453786301203,-0.0,0.2888121,0.7454445,0.6007497
4.648796025254126,0.30297054562919334,0.4148679806104693,-0.0,0.2887444,0.74546593,0.6007555
4.431670636873047,0.3302105654787988,0.3939761663772067,-0.0,0.19740145,0.7719195,0.6042954
4.508601309523723,0.3219705870348882,0.4090081892084767,-0.0,0.19747162,0.7719061,0.60428965
4.304122655589405,0.35227327243232975,0.41145737518919645,-0.0,0.18414602,0.7795383,0.5986739
4.228013305348664,0.35814256557456514,0.3972146965650608,-0.0,0.18414216,0.77953887,0.5986741
4.009615924160697,0.38406782611249146,0.375088023046194,-0.0,0.09724469,0.79272705,0.60177016
4.087601330848808,0.37530380367753274,0.3911813363571054,-0.0,0.097285256,0.79272467,0.60176677
3.883720005238718,0.40129856340867887,0.39402799572320396,-0.0,0.081516944,0.79893583,0.5958662
3.806566560397442,0.40760258298788526,0.37860532396545243,-0.0,0.08147995,0.79893714,0.5958695
3.561995945183598,0.4339851000990744,0.31463601102031447,-0.0,0.009943588,0.80117476,0.59834784
3.657637201485728,0.4234225674344787,0.3586786574435282,-0.0,0.009929064,0.80117315,0.5983503
3.3061426478868565,0.45652507961701577,0.34153865783191145,0.0,-0.0082552945,0.8059052,0.5919871
3.126999932532307,0.47720385517577607,0.27756532132393175,0.0,-0.05095679,0.8013204,0.5960613
2.882032113348231,0.4877718249415711,0.3174653266496136,0.0,-0.08320477,0.8064497,0.58541936
2.698277190892664,0.5048851397040935,0.2523373586095159,0.0,-0.100225054,0.8031819,0.58724254
